{"cameraMode":{"drawMode":0,"name":"Shaded","section":"Shading Mode"},"sceneLighting":true,"audioPlay":false,"sceneViewState":{"showFog":false,"showMaterialUpdate":false,"showSkybox":false,"showFlares":false,"showImageEffects":false,"showParticleSystems":false,"showVisualEffectGraphs":true},"in2DMode":false,"pivot":{"x":-57.156890869140628,"y":-59.54975891113281,"z":103.72550964355469},"rotation":{"x":-0.22812741994857789,"y":0.2569099962711334,"z":-0.06254636496305466,"w":-0.9370408058166504},"size":69.86473083496094,"orthographic":false}