{"cameraMode":{"drawMode":0,"name":"Shaded","section":"Shading Mode"},"sceneLighting":false,"audioPlay":false,"sceneViewState":{"showFog":false,"showMaterialUpdate":false,"showSkybox":false,"showFlares":false,"showImageEffects":false,"showParticleSystems":false,"showVisualEffectGraphs":true},"in2DMode":false,"pivot":{"x":3.7441647052764894,"y":2.374840259552002,"z":4.946010112762451},"rotation":{"x":-0.2538532018661499,"y":0.03248799592256546,"z":-0.008531948551535607,"w":-0.9666620492935181},"size":3.185664653778076,"orthographic":false}