{"cameraMode":{"drawMode":0,"name":"Shaded","section":"Shading Mode"},"sceneLighting":false,"audioPlay":false,"sceneViewState":{"showFog":false,"showMaterialUpdate":false,"showSkybox":false,"showFlares":false,"showImageEffects":false,"showParticleSystems":false,"showVisualEffectGraphs":true,"m_FxEnabled":true},"in2DMode":false,"pivot":{"x":10.942111015319825,"y":1.4113812446594239,"z":17.585792541503908},"rotation":{"x":-0.06961499154567719,"y":-0.17799808084964753,"z":0.012631196528673172,"w":-0.9814959168434143},"size":2.0303022861480715,"orthographic":false}