{"cameraMode":{"drawMode":0,"name":"Shaded","section":"Shading Mode"},"sceneLighting":true,"audioPlay":false,"sceneViewState":{"showFog":false,"showMaterialUpdate":false,"showSkybox":false,"showFlares":false,"showImageEffects":false,"showParticleSystems":false},"in2DMode":false,"pivot":{"x":10.797454833984375,"y":-2.9235692024230959,"z":9.349620819091797},"rotation":{"x":0.10470916330814362,"y":-0.8254694938659668,"z":0.16303838789463044,"w":0.5301465392112732},"size":19.225860595703126,"orthographic":false}