{"cameraMode":{"drawMode":0,"name":"Shaded","section":"Shading Mode"},"sceneLighting":false,"audioPlay":false,"sceneViewState":{"showFog":false,"showMaterialUpdate":false,"showSkybox":false,"showFlares":false,"showImageEffects":false,"showParticleSystems":false,"showVisualEffectGraphs":true,"m_FxEnabled":true},"in2DMode":false,"pivot":{"x":15.206180572509766,"y":1.851850986480713,"z":21.574060440063478},"rotation":{"x":-0.000514075334649533,"y":-0.9969422817230225,"z":0.07791972905397415,"w":-0.006582337431609631},"size":1.8575921058654786,"orthographic":false}